many-volumes-results, 4098, 156, 156, 153, 142, 158, 162, 150, 151, 135, 139, 159, 137, 126, 141, 157, 125, 131, 154, 167, 132, 142, 145, 134, 143, 130, 146, 140, 149, 161, 145, 149, 146, 117, 143, 100, 144, 154, 161, 161, 151, 159, 143, 159, 148, 162, 138, 122, 152, 142, 135, 143, 138, 135, 142, 155, 154, 136, 128, 152, 150, 156, 156, 148, 136, 182, 138, 143, 126, 143, 143, 150, 104, 80, 160, 137, 159, 127, 113, 136, 144, 148, 163, 134, 124, 141, 130, 148, 151, 120, 137, 143, 141, 131, 98, 127, 136, 133, 132, 145, 151, 127, 132, 137, 143, 113, 118, 142, 155, 135, 136, 132, 137, 139, 134, 146, 122, 121, 158, 149, 158,
many-volumes-results, 4099, 338, 364, 357, 339, 315, 332, 347, 286, 319, 306, 335, 331, 311, 316, 347, 272, 299, 307, 342, 285, 319, 298, 336, 304, 303, 343, 307, 328, 351, 330, 308, 288, 310, 309, 344, 284, 360, 274, 303, 260, 262, 326, 303, 323, 320, 323, 310, 358, 306, 301, 319, 317, 299, 348, 288, 362, 316, 288, 321, 303, 305, 298, 345, 335, 270, 329, 341, 337, 305, 316, 241, 181, 184, 207, 313, 334, 268, 245, 288, 307, 300, 305, 317, 290, 324, 309, 285, 254, 232, 295, 296, 336, 270, 276, 274, 320, 297, 257, 322, 316, 253, 326, 322, 323, 268, 249, 313, 364, 300, 318, 305, 305, 287, 278, 281, 275, 276, 305, 333, 291,
many-volumes-results, 4100, 309, 362, 330, 342, 324, 340, 321, 313, 335, 307, 327, 332, 303, 349, 341, 288, 304, 338, 333, 305, 302, 346, 321, 353, 302, 361, 315, 306, 343, 325, 340, 306, 302, 324, 254, 285, 307, 335, 293, 294, 272, 325, 313, 318, 308, 391, 326, 337, 310, 307, 297, 324, 298, 272, 288, 323, 329, 280, 320, 336, 308, 306, 312, 293, 305, 306, 322, 294, 322, 316, 217, 220, 246, 234, 284, 288, 279, 222, 312, 291, 335, 360, 305, 293, 289, 310, 317, 280, 227, 283, 309, 328, 308, 228, 279, 330, 304, 305, 337, 312, 263, 296, 286, 317, 267, 281, 305, 369, 310, 304, 270, 320, 335, 337, 267, 268, 305, 351, 323, 303,
many-volumes-results, 4101, 338, 353, 342, 343, 337, 348, 336, 355, 366, 310, 315, 307, 320, 348, 350, 291, 313, 293, 318, 344, 355, 362, 376, 320, 336, 332, 343, 320, 323, 323, 342, 352, 280, 277, 254, 310, 341, 320, 277, 285, 293, 330, 305, 310, 331, 314, 274, 315, 294, 285, 287, 301, 279, 314, 310, 353, 339, 260, 307, 317, 269, 360, 344, 294, 273, 346, 318, 279, 311, 308, 215, 200, 210, 238, 303, 292, 276, 246, 299, 291, 320, 340, 331, 295, 289, 303, 325, 266, 256, 298, 311, 299, 302, 216, 304, 320, 307, 267, 329, 315, 258, 319, 288, 323, 270, 265, 293, 332, 298, 292, 259, 338, 317, 299, 303, 312, 268, 310, 347, 309,
many-volumes-results, 4102, 356, 379, 330, 338, 321, 334, 333, 349, 316, 327, 401, 292, 310, 335, 329, 284, 291, 298, 316, 300, 368, 328, 386, 330, 318, 307, 331, 330, 326, 339, 371, 316, 261, 289, 248, 280, 350, 302, 277, 303, 300, 340, 325, 331, 353, 305, 322, 353, 302, 312, 312, 324, 296, 319, 329, 336, 319, 332, 333, 352, 369, 302, 345, 290, 293, 321, 333, 288, 330, 337, 256, 203, 221, 282, 312, 315, 281, 250, 302, 314, 316, 313, 314, 294, 285, 297, 267, 243, 266, 311, 334, 334, 305, 265, 338, 317, 323, 286, 327, 339, 268, 302, 291, 317, 271, 239, 325, 321, 300, 279, 309, 321, 312, 328, 274, 271, 266, 303, 329, 347,
many-volumes-results, 4103, 395, 328, 344, 355, 357, 327, 339, 315, 274, 313, 308, 342, 303, 326, 339, 348, 290, 338, 306, 280, 345, 335, 300, 308, 335, 340, 310, 312, 332, 306, 356, 311, 285, 343, 241, 320, 307, 330, 309, 278, 290, 303, 291, 320, 353, 326, 315, 345, 282, 294, 298, 309, 311, 294, 309, 331, 312, 267, 329, 294, 291, 312, 339, 293, 287, 307, 310, 300, 311, 303, 173, 245, 198, 297, 326, 294, 277, 230, 310, 292, 330, 317, 286, 301, 296, 311, 270, 275, 262, 320, 313, 320, 292, 271, 294, 302, 308, 302, 314, 317, 257, 320, 303, 341, 244, 244, 281, 286, 305, 293, 299, 301, 329, 305, 252, 269, 274, 324, 327, 328,
many-volumes-results, 4104, 342, 333, 347, 339, 339, 340, 334, 362, 277, 301, 328, 340, 320, 345, 358, 289, 310, 316, 339, 294, 323, 324, 326, 325, 328, 321, 346, 334, 356, 294, 332, 320, 262, 274, 259, 278, 321, 294, 276, 262, 302, 319, 305, 306, 355, 303, 299, 340, 307, 312, 297, 298, 309, 303, 294, 331, 304, 283, 359, 325, 302, 276, 302, 267, 280, 315, 307, 304, 321, 374, 229, 266, 222, 261, 312, 295, 270, 222, 333, 294, 308, 393, 305, 273, 289, 307, 334, 298, 199, 331, 345, 311, 303, 250, 265, 307, 311, 287, 323, 320, 253, 311, 302, 312, 270, 263, 318, 327, 307, 264, 299, 309, 326, 334, 259, 248, 271, 306, 339, 314,
many-volumes-results, 4105, 353, 350, 352, 338, 327, 357, 360, 328, 268, 380, 297, 349, 316, 352, 317, 269, 320, 311, 359, 348, 358, 323, 365, 362, 333, 373, 340, 380, 348, 315, 351, 351, 319, 292, 253, 327, 317, 317, 318, 280, 293, 335, 307, 314, 355, 328, 346, 341, 288, 347, 302, 328, 338, 321, 307, 354, 331, 256, 344, 317, 286, 294, 326, 302, 297, 300, 326, 262, 330, 308, 308, 183, 255, 277, 297, 327, 272, 222, 312, 325, 328, 365, 340, 318, 325, 317, 293, 304, 250, 317, 303, 344, 305, 266, 254, 304, 305, 286, 300, 304, 271, 344, 302, 298, 265, 251, 303, 335, 315, 326, 248, 306, 327, 344, 270, 282, 277, 318, 332, 319,
many-volumes-results, 4106, 349, 342, 348, 338, 328, 336, 325, 292, 308, 382, 299, 327, 305, 339, 344, 298, 317, 323, 347, 318, 318, 349, 322, 320, 304, 335, 334, 325, 349, 326, 342, 314, 276, 305, 282, 309, 352, 308, 283, 289, 287, 310, 307, 354, 383, 317, 271, 320, 325, 326, 289, 329, 310, 333, 345, 336, 326, 305, 315, 324, 265, 298, 308, 294, 315, 347, 329, 285, 329, 316, 229, 220, 252, 261, 339, 300, 281, 288, 279, 291, 336, 304, 306, 280, 331, 301, 312, 281, 215, 327, 313, 336, 309, 254, 280, 318, 293, 280, 345, 346, 292, 308, 306, 326, 257, 239, 326, 346, 294, 267, 311, 312, 325, 297, 318, 242, 284, 313, 329, 334,
many-volumes-results, 4107, 343, 325, 344, 322, 354, 341, 338, 331, 296, 324, 386, 337, 337, 330, 330, 329, 334, 338, 333, 289, 339, 354, 321, 293, 335, 348, 335, 332, 340, 318, 330, 303, 275, 305, 261, 310, 339, 332, 317, 279, 299, 311, 330, 339, 320, 324, 328, 365, 291, 287, 317, 330, 298, 343, 346, 353, 318, 315, 336, 321, 294, 316, 373, 291, 294, 297, 341, 296, 377, 348, 246, 202, 210, 251, 302, 309, 291, 211, 308, 303, 313, 335, 295, 287, 291, 304, 314, 276, 288, 280, 310, 300, 302, 286, 260, 319, 295, 253, 331, 340, 277, 340, 288, 320, 274, 270, 318, 341, 309, 280, 303, 309, 330, 319, 271, 263, 246, 322, 331, 326,
single-volume-results, 4098, 185, 252, 201, 215, 240, 278, 225, 178, 227, 235, 209, 201, 221, 222, 221, 233, 233, 221, 201, 268, 186, 203, 143, 213, 222, 261, 128, 250, 227, 120, 197, 211, 200, 222, 236, 230, 235, 225, 171, 225, 240, 239, 225, 194, 234, 221, 243, 252, 247, 190, 206, 199, 157, 206, 169, 212, 192, 218, 225, 202, 254, 186, 73, 102, 128, 192, 196, 203, 266, 193, 227, 249, 242, 194, 260, 240, 242, 230, 186, 169, 132, 186, 174, 258, 214, 140, 187, 226, 196, 209, 227, 219, 193, 209, 184, 229, 229, 264, 218, 241, 268, 156, 222, 241, 189, 253, 223, 231, 221, 247, 252, 198, 254, 215, 270, 235, 238, 250, 274, 228,
single-volume-results, 4099, 209, 194, 194, 265, 228, 255, 237, 161, 243, 210, 188, 235, 218, 198, 240, 239, 240, 221, 215, 240, 201, 212, 165, 199, 242, 235, 140, 193, 234, 134, 152, 230, 208, 219, 263, 222, 213, 247, 132, 242, 200, 248, 196, 222, 210, 212, 234, 244, 211, 169, 205, 228, 171, 191, 199, 180, 193, 216, 228, 197, 235, 156, 107, 106, 111, 225, 230, 241, 266, 213, 226, 218, 266, 194, 281, 238, 251, 220, 175, 154, 122, 211, 172, 231, 240, 141, 148, 231, 168, 200, 250, 221, 189, 202, 195, 242, 212, 237, 218, 206, 233, 143, 234, 222, 177, 242, 211, 238, 207, 236, 254, 197, 255, 273, 270, 242, 236, 257, 276, 238,
single-volume-results, 4100, 184, 211, 174, 205, 241, 240, 240, 164, 239, 225, 180, 203, 218, 204, 226, 252, 196, 239, 225, 239, 204, 186, 165, 196, 202, 221, 158, 215, 243, 136, 183, 227, 155, 241, 244, 211, 230, 229, 166, 222, 210, 253, 207, 183, 241, 225, 227, 232, 226, 190, 194, 197, 220, 197, 204, 178, 231, 217, 221, 204, 247, 197, 90, 117, 126, 192, 231, 218, 214, 225, 168, 222, 194, 238, 234, 233, 240, 211, 223, 163, 131, 209, 213, 250, 211, 167, 175, 177, 197, 196, 233, 258, 169, 240, 192, 238, 220, 245, 210, 230, 241, 167, 234, 201, 195, 243, 206, 236, 217, 190, 212, 188, 245, 242, 251, 220, 237, 245, 261, 262,
single-volume-results, 4101, 187, 238, 215, 234, 256, 260, 242, 178, 192, 198, 209, 209, 212, 257, 212, 233, 203, 243, 191, 239, 228, 202, 183, 197, 196, 243, 154, 216, 205, 156, 203, 237, 182, 234, 238, 245, 238, 260, 170, 230, 230, 229, 225, 205, 222, 238, 211, 250, 228, 215, 194, 209, 171, 218, 221, 196, 199, 219, 227, 196, 241, 218, 97, 110, 131, 155, 221, 210, 207, 237, 202, 212, 249, 195, 241, 248, 254, 211, 195, 136, 143, 167, 238, 227, 227, 133, 186, 221, 176, 217, 241, 256, 165, 229, 197, 230, 246, 255, 228, 183, 223, 184, 208, 225, 181, 215, 230, 201, 259, 239, 259, 212, 245, 267, 259, 273, 207, 236, 254, 247,
single-volume-results, 4102, 209, 210, 198, 219, 257, 276, 236, 153, 228, 209, 196, 211, 246, 238, 216, 242, 235, 234, 221, 213, 200, 212, 183, 207, 219, 237, 130, 219, 232, 165, 170, 250, 209, 256, 214, 236, 219, 251, 156, 198, 240, 252, 195, 197, 245, 213, 232, 248, 234, 185, 196, 215, 188, 201, 198, 165, 178, 235, 218, 206, 268, 203, 139, 117, 125, 159, 224, 235, 235, 216, 243, 226, 244, 211, 270, 239, 236, 229, 202, 180, 148, 138, 232, 245, 220, 105, 182, 221, 187, 248, 254, 222, 201, 207, 249, 238, 242, 246, 220, 230, 214, 192, 217, 216, 244, 193, 228, 241, 222, 229, 241, 223, 238, 269, 265, 239, 252, 229, 275, 241,
single-volume-results, 4103, 187, 190, 183, 201, 215, 242, 208, 175, 198, 205, 201, 221, 239, 200, 212, 213, 213, 227, 208, 204, 206, 235, 133, 214, 202, 223, 126, 214, 214, 133, 152, 236, 182, 205, 252, 235, 237, 207, 145, 218, 237, 207, 213, 204, 235, 218, 228, 226, 238, 165, 183, 189, 206, 218, 208, 186, 206, 191, 197, 225, 222, 182, 104, 101, 127, 143, 207, 223, 234, 180, 214, 215, 227, 232, 220, 250, 225, 226, 205, 150, 154, 177, 202, 209, 224, 163, 177, 212, 146, 220, 230, 193, 165, 224, 215, 220, 189, 216, 227, 219, 246, 170, 214, 236, 166, 215, 199, 221, 231, 204, 258, 218, 227, 226, 215, 225, 243, 225, 237, 239,
single-volume-results, 4104, 182, 233, 201, 254, 271, 263, 193, 156, 207, 222, 184, 197, 229, 198, 227, 244, 227, 231, 221, 237, 225, 194, 156, 193, 217, 261, 140, 205, 221, 163, 184, 227, 181, 245, 235, 218, 240, 219, 146, 228, 249, 250, 187, 221, 214, 233, 223, 255, 221, 192, 187, 237, 175, 187, 234, 221, 197, 218, 190, 218, 230, 196, 109, 119, 114, 205, 254, 203, 257, 180, 219, 249, 242, 231, 199, 260, 241, 224, 154, 202, 151, 169, 208, 242, 222, 144, 146, 256, 153, 190, 193, 272, 142, 217, 191, 217, 237, 235, 204, 260, 205, 156, 220, 228, 201, 224, 229, 253, 206, 206, 255, 241, 248, 270, 249, 236, 240, 279, 290, 263,
single-volume-results, 4105, 192, 255, 180, 245, 227, 269, 218, 184, 228, 254, 191, 229, 182, 227, 205, 243, 211, 243, 209, 205, 191, 212, 140, 195, 212, 252, 150, 228, 213, 145, 181, 191, 217, 221, 261, 234, 202, 252, 206, 229, 240, 277, 191, 195, 228, 203, 238, 265, 225, 183, 205, 172, 202, 182, 212, 199, 192, 172, 231, 180, 253, 215, 59, 112, 123, 165, 203, 229, 229, 216, 250, 230, 217, 222, 253, 228, 290, 226, 233, 193, 136, 184, 201, 236, 227, 168, 202, 232, 152, 187, 255, 228, 188, 209, 228, 242, 235, 262, 193, 222, 239, 159, 256, 207, 162, 235, 212, 229, 237, 244, 250, 219, 262, 234, 269, 266, 221, 254, 282, 237,
single-volume-results, 4106, 204, 200, 192, 222, 248, 266, 236, 169, 225, 203, 184, 231, 220, 231, 227, 254, 233, 211, 234, 215, 221, 198, 166, 209, 228, 250, 136, 220, 215, 131, 173, 194, 170, 275, 219, 225, 198, 230, 179, 225, 234, 252, 200, 200, 226, 221, 218, 265, 241, 186, 184, 189, 222, 219, 203, 192, 221, 202, 253, 186, 240, 208, 99, 112, 126, 154, 264, 210, 233, 210, 237, 235, 224, 209, 257, 232, 245, 230, 224, 162, 157, 174, 227, 209, 235, 143, 174, 235, 162, 206, 256, 236, 158, 218, 208, 228, 203, 265, 236, 244, 252, 164, 222, 194, 231, 226, 241, 262, 195, 203, 241, 230, 248, 254, 259, 261, 224, 261, 268, 235,
single-volume-results, 4107, 223, 207, 197, 228, 256, 264, 259, 158, 242, 246, 209, 230, 232, 208, 183, 241, 232, 241, 201, 229, 196, 204, 175, 187, 220, 252, 130, 217, 239, 155, 165, 231, 197, 231, 237, 217, 215, 206, 177, 244, 258, 250, 212, 212, 219, 200, 231, 253, 233, 200, 228, 227, 192, 199, 185, 184, 222, 223, 225, 219, 206, 207, 83, 93, 117, 190, 235, 237, 227, 191, 233, 232, 207, 241, 226, 291, 222, 223, 206, 150, 153, 179, 196, 233, 258, 135, 200, 224, 172, 203, 252, 251, 161, 229, 196, 223, 222, 255, 248, 193, 266, 124, 227, 233, 211, 229, 224, 259, 240, 223, 240, 205, 240, 240, 280, 257, 188, 240, 255, 246,
